"Category","toplam_satis_adedi","toplam_satis","toplam_kar","ortalama_indirim"
Technology,1865,839893.2768868208,146543.37494449317,0.13147453248660623
Office Supplies,6128,731893.3131261468,126023.44329681247,0.15634791216236726
Furniture,2201,754747.7598193884,19729.995473831892,0.1729622936923089
